nfhs_state,nfhs_district,udise_district
Delhi,North East,NORTH EAST I
Delhi,North East,NORTH EAST II
Delhi,North West,NORTH WEST A
Delhi,North West,NORTH WEST B-I
Delhi,North West,NORTH WEST B-II
Delhi,South West,SOUTH WEST A
Delhi,South West,SOUTH WEST B-I
Delhi,South West,SOUTH WEST B-II
Delhi,West,WEST A
Delhi,West,WEST B
Delhi,Shahdara,NORTH EAST I
Delhi,Shahdara,NORTH EAST II
Karnataka,Bengaluru Urban,BENGALURU U NORTH
Karnataka,Bengaluru Urban,BENGALURU U SOUTH
Maharashtra,Mumbai,MUMBAI II
Maharashtra,Mumbai,MUMBAI (SUBURBAN)
