udise_district_name,alias_name,source,state
AHMADNAGAR,Ahmednagar,NFHS,MAHARASHTRA
AHMEDABAD,Ahmadabad,NFHS,GUJARAT
AMETHI - CSM NAGAR,Amethi,NFHS,UTTAR PRADESH
ANANTAPUR,Ananthapuramu,NFHS,ANDHRA PRADESH
ANDAMANS,South Andamans,NFHS,ANDAMAN & NICOBAR ISLANDS
ANGUL,Anugul,NFHS,ODISHA
ARAVALLI,Arvalli,NFHS,GUJARAT
AURANGABAD (BIHAR),Aurangabad,NFHS,BIHAR
BADGAM,Budgam,NFHS,JAMMU & KASHMIR
BAGALKOT,Bagalkote,NFHS,KARNATAKA
BALASORE,Baleshwar,NFHS,ODISHA
BALODABAZAR,Balodabazar-Bhatapara,NFHS,CHHATTISGARH
BALRAMPUR,Balrampur Ramanujganj,NFHS,CHHATTISGARH
BARAGARH,Bargarh,NFHS,ODISHA
BARAMULA,Baramulla,NFHS,JAMMU & KASHMIR
BASTER,Bastar,NFHS,CHHATTISGARH
BHADOI,Bhadohi,NFHS,UTTAR PRADESH
BID,Beed,NFHS,MAHARASHTRA
BILASPUR (H.P.),Bilaspur,NFHS,HIMACHAL PRADESH
BOLANGIR,Balangir,NFHS,ODISHA
BULDANA,Buldhana,NFHS,MAHARASHTRA
CHARKHI DADRI,Charki Dadri,NFHS,HARYANA
CHENNAI (EXT. GCC),Chennai,NFHS,TAMILNADU
CHIKKAMANGALURU,Chikkamagaluru,NFHS,KARNATAKA
CHITTAURGARH,Chittorgarh,NFHS,RAJASTHAN
DANTEWADA,Dakshin Bastar Dantewada,NFHS,CHHATTISGARH
DARJILING,Darjeeling,NFHS,WEST BENGAL
DAVANAGERE,Davangere,NFHS,KARNATAKA
DEVBHOOMI DWARKA,Devbhumi Dwarka,NFHS,GUJARAT
DHAULPUR,Dholpur,NFHS,RAJASTHAN
FAIZABAD,Ayodhya,NFHS,UTTAR PRADESH
FIROZPUR,Ferozepur,NFHS,PUNJAB
GARIABAND,Gariyaband,NFHS,CHHATTISGARH
GONDIYA,Gondia,NFHS,MAHARASHTRA
HAMIRPUR (H.P.),Hamirpur,NFHS,HIMACHAL PRADESH
HAMIRPUR (U.P.),Hamirpur,NFHS,UTTAR PRADESH
HAPUR (PANCHSHEEL NAGAR),Hapur,NFHS,UTTAR PRADESH
HARDWAR,Haridwar,NFHS,UTTARAKHAND
HAZARIBAG,Hazaribagh,NFHS,JHARKHAND
HOSHANGABAD,Narmadapuram,NFHS,MADHYA PRADESH
JAGATSINGHPUR,Jagatsinghapur,NFHS,ODISHA
JAGTIAL,Jagitial,NFHS,TELANGANA
JAJPUR,Jajapur,NFHS,ODISHA
JALOR,Jalore,NFHS,RAJASTHAN
JANGAON,Jangoan,NFHS,TELANGANA
JYOTIBA PHULE NAGAR (AMROHA),Amroha,NFHS,UTTAR PRADESH
KADAPA,Y.S.R.,NFHS,ANDHRA PRADESH
KALBURGI,Kalaburagi,NFHS,KARNATAKA
KAMRUP-RURAL,Kamrup,NFHS,ASSAM
KANCHEEPURAM,Kanchipuram,NFHS,TAMILNADU
KANKER,Uttar Bastar Kanker,NFHS,CHHATTISGARH
KANSHIRAM NAGAR,Kasganj,NFHS,UTTAR PRADESH
KAWARDHA,Kabeerdham,NFHS,CHHATTISGARH
KEONJHAR,Kendujhar,NFHS,ODISHA
KHANDWA,Khandwa (East Nimar),NFHS,MADHYA PRADESH
KHARGONE,Khargone (West Nimar),NFHS,MADHYA PRADESH
KHURDHA,Khordha,NFHS,ODISHA
KODARMA,Koderma,NFHS,JHARKHAND
KORIYA,Korea,NFHS,CHHATTISGARH
KRA DADI,Kra Daadi,NFHS,ARUNACHAL PRADESH
KUSHINAGAR,Kushi Nagar,NFHS,UTTAR PRADESH
MAHARAJGANJ,Mahrajganj,NFHS,UTTAR PRADESH
MALDAH,Malda,NFHS,WEST BENGAL
MIDDLE AND NORTH ANDAMANS,North And Middle Andaman,NFHS,ANDAMAN & NICOBAR ISLANDS
MOHALI,S.A.S Nagar,NFHS,PUNJAB
MORIGAON,Marigaon,NFHS,ASSAM
MUKTSAR,Sri Muktsar Sahib,NFHS,PUNJAB
MUMBAI II,Mumbai,NFHS,MAHARASHTRA
NAWANSHAHR,Shahid Bhagat Singh Nagar,NFHS,PUNJAB
NELLORE,Sri Potti Sriramulu Nellore,NFHS,ANDHRA PRADESH
NORTH TWENTY FOUR PARGANAS,North 24 Parganas,NFHS,WEST BENGAL
PAKAUR,Pakur,NFHS,JHARKHAND
PASHCHIMI SINGHBHUM,West Singhbhum,NFHS,JHARKHAND
PAURI,Pauri Garhwal,NFHS,UTTARAKHAND
PRATAPGARH (RAJ.),Pratapgarh,NFHS,RAJASTHAN
PUNCH,Poonch,NFHS,JAMMU & KASHMIR
PURBA CHAMPARAN,Purbi Champaran,NFHS,BIHAR
PURBI SINGHBHUM,East Singhbum,NFHS,JHARKHAND
PURULIYA,Purulia,NFHS,WEST BENGAL
RAIGARH (MAHARASHTRA),Raigad,NFHS,MAHARASHTRA
RAJANNA SIRICILLA,Rajanna Sircilla,NFHS,TELANGANA
RAJAURI,Rajouri,NFHS,JAMMU & KASHMIR
RANGAREDDY,Ranga Reddy,NFHS,TELANGANA
RUDRAPRAYAG,Rudra Prayag,NFHS,UTTARAKHAND
SAHIBGANJ,Sahebganj,NFHS,JHARKHAND
SAIHA,Siaha,NFHS,MIZORAM
SAMBHAL (BHIM NAGAR),Sambhal,NFHS,UTTAR PRADESH
SHAMLI (PRABUDH NAGAR),Shamli,NFHS,UTTAR PRADESH
SIBSAGAR,Sivasagar,NFHS,ASSAM
SIDDHARTHNAGAR,Siddharth Nagar,NFHS,UTTAR PRADESH
SIVAGANGAI,Sivaganga,NFHS,TAMILNADU
SOUTH SALMARA-MANKACHAR,South Salmara Mancachar,NFHS,ASSAM
SOUTH TWENTY FOUR PARGANAS,South 24 Parganas,NFHS,WEST BENGAL
SUNDERGARH,Sundargarh,NFHS,ODISHA
TARAN TARAN,Tarn Taran,NFHS,PUNJAB
THE DANGS,Dang,NFHS,GUJARAT
THOOTHUKKUDI,Tuticorin,NFHS,TAMILNADU
TIRUVALLUR,Thiruvallur,NFHS,TAMILNADU
TIRUVARUR,Thiruvarur,NFHS,TAMILNADU
UDHAM SINGH NAGAR,Udam Singh Nagar,NFHS,UTTARAKHAND
UTTARKASHI,Uttar Kashi,NFHS,UTTARAKHAND
YADAGIRI,Yadgir,NFHS,KARNATAKA
